New ward code,Ward,Borough,CHO,CIP,HFP,OWH,HAO,CER,PTA
E09000001,City of London,City of London,22.22,17.5,6.51347896,17.14,-6.478752314,1.83891674,7.723401061
E05000026,Abbey,Barking and Dagenham,21.70087977,40.3,16.24065873,37.71,-0.88953823,18.07215637,5.98735589
E05000027,Alibon,Barking and Dagenham,25.97402597,38.8,18.89803209,40,-1.790968136,12.51686176,3.275530044
E05000028,Becontree,Barking and Dagenham,22.44897959,37.9,17.27037619,37.59,-5.469666137,14.90225367,2.848544132
E05000029,Chadwell Heath,Barking and Dagenham,23.79518072,39,16.83238701,39.66,1.977718294,13.54340802,2.27230196
E05000030,Eastbrook,Barking and Dagenham,23.11320755,26,14.64241441,27.04,5.687552307,9.370254164,2.308725581
E05000031,Eastbury,Barking and Dagenham,22.83813747,36.4,17.22027566,37.89,-8.237511952,12.57641502,2.870088373
E05000032,Gascoigne,Barking and Dagenham,22.3255814,46.9,18.05300833,46.34,-10.01255114,11.85935221,4.03245566
E05000033,Goresbrook,Barking and Dagenham,25.12690355,36.6,17.81695705,37.44,4.827420368,12.44816056,2.557064333
E05000034,Heath,Barking and Dagenham,25.67901235,41.8,17.70897023,42.38,0.440582705,9.606602896,2.566295169
E05000035,Longbridge,Barking and Dagenham,24.40318302,20.4,14.26716993,18.17,-2.189863473,9.643122628,3.137026236
E05000036,Mayesbrook,Barking and Dagenham,21.91780822,39.1,18.41513906,39.7,2.425642336,13.48023205,2.619647047
E05000037,Parsloes,Barking and Dagenham,24.85207101,35.9,18.35618571,36.89,-1.711715661,11.2427019,2.72199895
E05000038,River,Barking and Dagenham,24.66487936,34.1,17.62828979,34.26,2.922809818,8.197060967,3.036806235
E05000039,Thames,Barking and Dagenham,23.32439678,40.2,16.11008883,39.45,-6.327715908,11.54147281,2.379433905
E05000040,Valence,Barking and Dagenham,23.1884058,33.8,18.53015213,35.29,-2.382206911,9.853966053,3.178772197
E05000041,Village,Barking and Dagenham,25.07042254,38.8,15.62966227,39.66,7.870083432,16.82229797,2.810756104
E05000042,Whalebone,Barking and Dagenham,25.74850299,30.3,15.04067295,30.13,-15.17247011,12.5352981,2.866389931
E05000043,Brunswick Park,Barnet,19.07131012,19.6,14.05205019,19.82,0.808435447,6.584364347,2.810001835
E05000044,Burnt Oak,Barnet,23.06610408,39.5,14.30001309,36.94,-7.409572009,9.246920593,3.593481852
E05000045,Childs Hill,Barnet,26.9005848,24.7,11.98821527,21.81,-1.012769666,12.55505008,4.481786135
E05000046,Colindale,Barnet,20.71005917,42.3,13.13965487,39.34,-6.354378605,5.986484255,2.521937105
E05000047,Coppetts,Barnet,15.7079646,24.6,11.78325421,23.09,-2.035281296,10.87768135,2.836133051
E05000048,East Barnet,Barnet,17.74193548,20.4,12.3485664,20.62,4.266490434,8.118936528,2.394330371
E05000049,East Finchley,Barnet,12.84153005,24.5,9.243836945,24.92,-3.449976679,7.991096874,2.577545751
E05000050,Edgware,Barnet,21.61016949,25,14.26235335,23.45,-3.772829669,9.308372951,2.870869083
E05000051,Finchley Church End,Barnet,16.60777385,11.6,10.25980115,11.8,-13.33798738,6.309066828,2.899893077
E05000052,Garden Suburb,Barnet,6.565656566,6.8,9.408388412,6.83,1.412517133,7.657960051,2.655346509
E05000053,Golders Green,Barnet,16.77018634,19.5,11.8127221,16.25,-8.931457973,7.593649188,3.41317788
E05000054,Hale,Barnet,21.27272727,23.1,13.3859302,21.95,-5.144116847,7.327982018,2.510213463
E05000055,Hendon,Barnet,18.78172589,19.6,11.22553835,17.15,-7.332392178,8.426887753,2.599918038
E05000056,High Barnet,Barnet,17.24137931,11.5,11.41054283,12.32,3.757861289,7.957659999,2.785438412
E05000057,Mill Hill,Barnet,19.04761905,23.9,12.45332601,21.95,3.683404576,7.302670958,2.220794892
E05000058,Oakleigh,Barnet,15.97938144,20.3,12.06245698,19.91,-7.785864637,6.516909531,3.189422625
E05000059,Totteridge,Barnet,12.99435028,12.8,10.85227055,12.95,8.001117875,5.644518724,2.68645904
E05000060,Underhill,Barnet,16.31799163,27.7,12.93615029,26.87,4.523608795,7.749390654,2.635826685
E05000061,West Finchley,Barnet,12.34177215,15.7,10.22880867,16,-16.06378447,7.092793045,3.778123296
E05000062,West Hendon,Barnet,19.71496437,21.7,13.25741861,18.9,-0.177458927,13.32589404,3.544488687
E05000063,Woodhouse,Barnet,17.17391304,24.2,12.49391392,22.81,-11.51868137,9.787090593,2.830494798
E05000064,Barnehurst,Bexley,20.3030303,16.7,14.56653416,18.52,-1.74210405,6.917550637,2.97089892
E05000065,Belvedere,Bexley,19.42446043,27.6,13.09410342,27.73,4.518671778,10.84888853,2.361196513
E05000066,Blackfen and Lamorbey,Bexley,19.03323263,10.3,15.26040133,11.76,-5.00590794,6.016870721,2.082982489
E05000067,Blendon and Penhill,Bexley,19.06354515,9.6,15.56747313,9.65,1.076187182,6.628414574,2.045428463
E05000068,Brampton,Bexley,19.57186544,10.5,17.38153107,11.83,-8.517365671,6.204890963,2.542040131
E05000069,Christchurch,Bexley,21.67182663,14.7,14.53218196,15.8,-2.884859304,10.55995755,3.41201246
E05000070,Colyers,Bexley,21.46596859,27.8,14.92296645,28.78,-11.95607014,10.40392564,1.927891392
E05000071,Crayford,Bexley,22,22.6,13.02345534,23.44,-2.911922188,6.307715204,2.032501176
E05000072,Cray Meadows,Bexley,24.42528736,24.9,15.15294249,25.91,10.59440718,5.419176939,1.779318789
E05000073,Danson Park,Bexley,18.52941176,14.1,15.6462446,14.73,5.900968095,7.242110132,2.903828371
E05000074,East Wickham,Bexley,22.89855072,19.5,15.19499876,21,-2.353300999,8.315437284,2.795359053
E05000075,Erith,Bexley,25.06666667,27.6,12.86121424,29.17,6.928454402,10.33538563,2.446194574
E05000076,Falconwood and Welling,Bexley,17.46478873,10.6,15.9053163,11.16,-9.439389892,7.892859404,2.584296173
E05000077,Lesnes Abbey,Bexley,23.74301676,23.2,14.70501934,24.72,4.837080769,9.429453995,2.761009444
E05000078,Longlands,Bexley,18.25095057,10.7,12.93618321,12.27,2.796154203,4.869566265,2.567850309
E05000079,North End,Bexley,25.51440329,36.3,12.85046448,37.98,14.84644969,11.9871936,2.34490652
E05000080,Northumberland Heath,Bexley,19.30294906,17.1,16.09312519,17.76,-5.899183884,9.256995465,2.09706319
E05000081,St Mary's,Bexley,17.75362319,7.1,14.36608784,8.12,6.05503875,5.900210196,2.624933598
E05000082,St Michael's,Bexley,19.15367483,13.1,16.73371964,14.23,-8.585039384,5.870702486,2.014051363
E05000083,Sidcup,Bexley,15.56420233,9,13.41621887,9.93,3.819598392,5.879237889,2.939373417
E05000084,Thamesmead East,Bexley,26.9058296,30.7,8.041856011,31.75,9.906060699,9.099262488,2.515295256
E05000085,Alperton,Brent,18.5,23.8,14.43151009,22.46,-7.936855544,8.374216886,2.913025362
E05000086,Barnhill,Brent,27.80269058,33.2,13.03300978,30.84,6.82122412,9.40462696,2.841349559
E05000087,Brondesbury Park,Brent,18.06722689,24.6,12.84877248,23.09,-14.65891136,10.2167377,3.942030759
E05000088,Dollis Hill,Brent,20.82429501,37.3,14.54004801,35.23,0.071874676,7.15706921,2.732069675
E05000089,Dudden Hill,Brent,22.91666667,37.7,13.74629618,35.7,-4.034037055,12.87195032,3.377409149
E05000090,Fryent,Brent,18.57506361,26.4,14.78745665,23.73,8.881106977,8.121071524,2.746248495
E05000091,Harlesden,Brent,26.51245552,43.2,17.22959001,43,-14.05048183,14.63531505,3.715862572
E05000092,Kensal Green,Brent,24.20212766,31.1,16.43715226,30.03,-3.67599863,12.60160245,3.925586243
E05000093,Kenton,Brent,15.06849315,16.9,13.15227534,15.32,-2.233368149,7.978087513,2.582496995
E05000094,Kilburn,Brent,24.82269504,39.6,16.62856629,38.19,-13.44802832,14.15946698,5.374103351
E05000095,Mapesbury,Brent,24.16356877,29.9,13.76267869,28.44,-10.16667849,11.52922408,4.547420824
E05000096,Northwick Park,Brent,18.97106109,18.8,12.84428987,18.74,-1.11408103,6.120595982,2.71895078
E05000097,Preston,Brent,21.46118721,30.5,13.02560038,27.98,0.286284698,8.433546985,2.906085667
E05000098,Queens Park,Brent,18.93939394,21.5,13.88729173,21.17,-5.056739358,12.55748482,4.976652028
E05000099,Queensbury,Brent,23.28159645,28,15.54996296,24.68,-0.768745907,10.01462831,2.972318951
E05000100,Stonebridge,Brent,28.18428184,48.2,14.66703951,47.18,-12.11612122,9.293584165,2.88804831
E05000101,Sudbury,Brent,23.00469484,25.7,13.3779577,23.87,4.41006466,8.731318193,3.259943204
E05000102,Tokyngton,Brent,23.23232323,29.4,15.33790595,26.06,-6.265441184,9.0653763,3.03520134
E05000103,Welsh Harp,Brent,27.0718232,34,14.42443093,30.96,8.566763874,9.64421359,2.742916312
E05000104,Wembley Central,Brent,20.77922078,24.9,15.24293294,24.67,-6.634043297,13.91248147,4.677769386
E05000105,Willesden Green,Brent,23.17380353,38.1,16.01965516,37.02,-0.208391279,12.88301207,4.376776734
E05000106,Bickley,Bromley,13.88888889,8.4,11.9519327,9.55,-8.429818804,6.331547145,2.258632032
E05000107,Biggin Hill,Bromley,13.51351351,10.2,12.13793763,11.75,-1.426749107,8.142508967,1.697312966
E05000108,Bromley Common and Keston,Bromley,15.16966068,18.5,14.69026787,18.36,11.91173436,6.930925182,2.280385909
E05000109,Bromley Town,Bromley,18.55345912,13.3,11.66789077,14.37,-1.230634077,10.23840373,3.758840912
E05000110,Chelsfield and Pratts Bottom,Bromley,15.87677725,7.6,13.49183435,8.17,10.08252029,5.213358612,1.945386924
E05000111,Chislehurst,Bromley,15.86715867,10.1,13.10681849,10.69,6.828480037,8.575670867,2.153940299
E05000112,Clock House,Bromley,18.73015873,13.6,12.18470852,13.91,-2.898896666,8.543492298,3.922408183
E05000113,Copers Cope,Bromley,11.91709845,18.1,8.899856396,18.35,-4.958985881,9.978369147,3.037248717
E05000114,Cray Valley East,Bromley,22.34042553,34.9,12.8554601,35.84,11.54382476,12.95927477,2.29564485
E05000115,Cray Valley West,Bromley,21.29783694,31.6,13.82313208,32.89,-0.777249662,12.65272279,2.252222023
E05000116,Crystal Palace,Bromley,21.81818182,38.3,12.52704898,38.02,11.58964103,16.30774402,4.362508065
E05000117,Darwin,Bromley,17.82945736,12.3,19.22003172,14.72,7.184143062,7.07702818,1.250346429
E05000118,Farnborough and Crofton,Bromley,13.81443299,9.8,12.45518955,11.16,3.660258488,4.839422874,2.243261622
E05000119,Hayes and Coney Hall,Bromley,10.73345259,6.5,15.19969877,7.37,13.75123885,5.564194305,2.280930172
E05000120,Kelsey and Eden Park,Bromley,14.83739837,9.4,12.77992665,10.53,4.625938977,7.830549277,2.635300876
E05000121,Mottingham and Chislehurst North,Bromley,19.64285714,34.8,14.27968702,36.02,5.47739564,14.50254113,2.589547434
E05000122,Orpington,Bromley,17.36972705,22.4,13.84860833,23.2,-5.480513495,11.63845759,2.728774699
E05000123,Penge and Cator,Bromley,20.45929019,30.2,12.90135371,31.19,4.051644317,12.3454866,3.93998122
E05000124,Petts Wood and Knoll,Bromley,12.64705882,5.8,14.40760897,7.68,-0.438912212,5.287679156,2.261942513
E05000125,Plaistow and Sundridge,Bromley,16.93121693,21.3,12.51102143,22.17,0.345243489,10.38215222,2.826643831
E05000126,Shortlands,Bromley,14.82889734,7.2,11.14876816,7.56,-6.277853911,5.247033944,2.481576471
E05000127,West Wickham,Bromley,14.01515152,5,14.3547068,5.52,-1.8558816,5.712206355,2.160370894
E05000128,Belsize,Camden,22.22222222,26.1,10.50875477,24.64,-5.238115844,8.266073011,4.121190397
E05000129,Bloomsbury,Camden,22.22222222,32.2,13.03714541,29.01,0.890361769,6.837810201,7.899831328
E05000130,Camden Town with Primrose Hill,Camden,17.41293532,36.9,12.90443176,36.08,2.075237263,23.50963011,6.089864116
E05000131,Cantelowes,Camden,21.23552124,41.8,17.21612471,41.2,-2.026557947,14.0897414,4.880768618
E05000132,Fortune Green,Camden,23.42857143,30,11.34830371,29.41,1.185127617,11.08976882,4.509741011
E05000133,Frognal and Fitzjohns,Camden,10.71428571,10.8,8.981976221,10.67,-6.955857092,6.845060701,4.334172163
E05000134,Gospel Oak,Camden,20.33898305,41.8,14.41766153,39.67,-1.925255348,9.589630171,4.01820773
E05000135,Hampstead Town,Camden,18.27956989,9.2,8.121680548,10.12,8.866181121,7.414438613,4.13857841
E05000136,Haverstock,Camden,24.92917847,49.6,14.87345839,46.17,-7.44415816,14.3603065,5.016562214
E05000137,Highgate,Camden,17.28971963,30,13.46592543,28.41,15.82331833,10.9048512,3.876600431
E05000138,Holborn and Covent Garden,Camden,17.3553719,42.1,14.5973538,37.92,-9.435843626,5.517458504,7.85318501
E05000139,Kentish Town,Camden,26.94805195,39.6,16.16869055,39.09,-0.872752891,10.35575738,5.461907528
E05000140,Kilburn,Camden,24.43609023,49.2,14.21555958,46.31,-5.363823893,15.29891835,5.739685345
E05000141,King's Cross,Camden,23.82978723,48.4,17.06647838,43.65,-2.245930951,7.760226711,7.613657463
E05000142,Regent's Park,Camden,22.84768212,41,16.03387954,37.47,6.702664103,6.901017243,6.585874476
E05000143,St Pancras and Somers Town,Camden,22.12189616,53.4,16.12949946,50.86,1.282438508,6.144727497,6.301704438
E05000144,Swiss Cottage,Camden,20.85889571,32.2,9.497317045,30.24,-0.649803333,11.86040892,6.116924554
E05000145,West Hampstead,Camden,22.22222222,37.7,11.56812697,34.67,0.802354984,12.45877337,5.782529759
E05000146,Addiscombe,Croydon,16.18037135,24.5,12.49597893,24.68,-20.34038669,9.29402112,4.275706122
E05000147,Ashburton,Croydon,24.45328032,25.8,14.4518773,25.65,5.147389056,9.474615845,2.682571708
E05000148,Bensham Manor,Croydon,25.69593148,28.4,16.22094013,28.03,-10.3153333,11.50831798,3.350341822
E05000149,Broad Green,Croydon,25.80128205,36.2,15.57093741,34.61,-11.17908743,15.27862386,4.44881772
E05000150,Coulsdon East,Croydon,15.8974359,16.1,13.79114384,16.58,10.70168124,5.778920988,1.75166802
E05000151,Coulsdon West,Croydon,17.1641791,9.7,13.51356115,10.92,-5.067940608,6.65522897,2.294054308
E05000152,Croham,Croydon,21.35231317,17.4,11.96664819,18.18,-2.151213249,9.599456643,3.150994249
E05000153,Fairfield,Croydon,20.2020202,27,9.309912807,27.77,-10.47771942,13.89392276,5.798177261
E05000154,Fieldway,Croydon,22.97551789,44.5,15.35136831,44.51,-10.80952571,11.49826771,3.098715321
E05000155,Heathfield,Croydon,17.33668342,21.1,12.17919372,23.11,8.539141363,12.24956399,2.248637685
E05000156,Kenley,Croydon,14.86146096,15.6,12.39511769,17.08,0.591795999,6.853671647,1.855368673
E05000157,New Addington,Croydon,24.54545455,39,16.12519897,38.58,5.535295182,11.61439767,2.937182712
E05000158,Norbury,Croydon,25.90799031,23.7,14.6231013,23.37,-0.58362214,9.29532943,2.926653405
E05000159,Purley,Croydon,19.46902655,15.5,12.59531571,15.89,-8.535131992,8.333055525,2.656280429
E05000160,Sanderstead,Croydon,19.79166667,10,13.89601159,10.66,3.249250061,5.538439726,1.552886208
E05000161,Selhurst,Croydon,23.57894737,35.4,14.6122052,34.82,-12.44170165,12.48870473,4.152339533
E05000162,Selsdon and Ballards,Croydon,20,7.2,13.72811649,9.05,7.376015425,4.396484592,1.960556203
E05000163,Shirley,Croydon,16.59090909,24.7,14.02780639,24.37,-8.044311099,7.100075027,1.904010479
E05000164,South Norwood,Croydon,22.52475248,31.7,12.57357875,32.33,-3.159583667,11.88022223,3.828938411
E05000165,Thornton Heath,Croydon,27.73584906,30,13.95238301,30.14,-11.46596782,13.62399565,3.033434402
E05000166,Upper Norwood,Croydon,25.22123894,28.2,13.41422905,27.88,0.657667672,10.91104558,2.838653756
E05000167,Waddon,Croydon,19.2575406,30.3,12.84774544,30.58,6.255048459,8.953134865,3.699795199
E05000168,West Thornton,Croydon,26.84824903,29.3,16.56109953,28.16,-4.977331934,11.44713156,2.967370339
E05000169,Woodside,Croydon,23.94106814,31.9,12.2822042,32.57,0.176980258,12.58062403,2.965187564
E05000170,Acton Central,Ealing,16.95402299,34.9,12.42289618,33.39,5.581676289,13.16341798,3.25540693
E05000171,Cleveland,Ealing,17.07317073,29.4,10.30649053,27.16,4.229538669,9.554659666,2.807222699
E05000172,Dormers Wells,Ealing,26.82926829,36.1,13.80720573,33.93,8.337092088,11.45635273,3.112695453
E05000173,Ealing Broadway,Ealing,14.81481481,14.3,8.028905857,14.35,-7.65860368,13.06399335,4.542957502
E05000174,Ealing Common,Ealing,17.39130435,22.5,9.250377355,22.37,5.998582212,10.32969988,3.565018789
E05000175,East Acton,Ealing,20.08830022,40,13.2705832,38.03,2.649584489,8.642655204,3.989647747
E05000176,Elthorne,Ealing,19.20903955,26.4,11.40132394,26.53,1.743413875,12.14915694,3.514351641
E05000177,Greenford Broadway,Ealing,24.67320261,37,13.53986719,34.75,2.9184144,12.85825185,3.118212054
E05000178,Greenford Green,Ealing,21.46118721,21.1,12.93572928,20.21,4.548356115,9.448703718,2.712139224
E05000179,Hanger Hill,Ealing,19.26229508,17.6,8.828141321,15.52,-5.841258596,7.257239421,3.645850377
E05000180,Hobbayne,Ealing,20.21978022,26.4,12.51562013,25.44,6.132219821,8.678070712,2.962695741
E05000181,Lady Margaret,Ealing,18.37944664,25.8,11.98463444,23.68,5.610021029,8.503758381,2.776111897
E05000182,Northfield,Ealing,16.25,10.7,8.336199506,11.41,4.432989805,7.255713744,3.268448815
E05000183,North Greenford,Ealing,22.82352941,21.4,13.52832884,19.86,10.38945529,8.476243808,2.660162794
E05000184,Northolt Mandeville,Ealing,22.04724409,35.9,13.97877579,34.07,11.35773379,11.7166064,2.837522491
E05000185,Northolt West End,Ealing,20.57823129,38.2,13.79397755,36.39,8.331732054,13.5741051,2.426683336
E05000186,Norwood Green,Ealing,20.27027027,38.4,12.6051669,36.84,12.51650131,10.01140625,2.203130852
E05000187,Perivale,Ealing,23.2183908,19.8,13.52968795,18.17,5.405836856,7.381267148,2.103392482
E05000188,South Acton,Ealing,22.13541667,37.5,12.39673795,35.96,3.392937592,11.71654043,4.518979454
E05000189,Southall Broadway,Ealing,25.3493014,29,12.77113972,26.57,-2.4764459,15.72114368,3.169516279
E05000190,Southall Green,Ealing,25.30120482,38.4,13.26840189,35.16,0.598115368,12.41055226,2.951744971
E05000191,Southfield,Ealing,17.05882353,15.8,8.57027337,15.69,4.930874022,9.386774728,3.275593283
E05000192,Walpole,Ealing,11.15384615,12.4,8.373570209,12.5,-2.230529537,11.26387942,3.724931537
E05000193,Bowes,Enfield,22.22222222,29.7,14.23740683,27.99,-10.94985273,10.06484733,3.646685464
E05000194,Bush Hill Park,Enfield,19.04761905,17.1,13.65125156,16.39,0.551715923,7.639154309,2.70562672
E05000195,Chase,Enfield,19.04761905,32.4,14.04539918,31.05,15.41660175,8.213098754,1.81087189
E05000196,Cockfosters,Enfield,19.24198251,19.8,13.45515843,19.31,11.39553685,5.559540734,2.492344498
E05000197,Edmonton Green,Enfield,26.55122655,49.4,15.84626505,44.71,3.100938181,11.78075893,3.979479538
E05000198,Enfield Highway,Enfield,24.72266244,44,15.44760575,41.35,1.243295304,7.667936372,2.465087064
E05000199,Enfield Lock,Enfield,26.42140468,45.4,14.02337082,43.67,4.262174041,8.118210668,2.524871452
E05000200,Grange,Enfield,20.76124567,11.7,12.59250688,11.99,-5.266908061,8.95035544,3.03527147
E05000201,Haselbury,Enfield,23.72611465,43.4,17.19918002,39.51,0.193839793,9.274240234,3.077337427
E05000202,Highlands,Enfield,18.51851852,17,12.13426912,17.53,0.705904621,4.589960496,2.526926191
E05000203,Jubilee,Enfield,28.0075188,39.8,15.28522457,36.06,9.840274274,8.352529965,2.451560051
E05000204,Lower Edmonton,Enfield,30.0623053,45.2,16.63689465,42.63,2.571679674,8.918516556,3.367403738
E05000205,Palmers Green,Enfield,24.21052632,26.3,14.55936476,24.19,-4.446611215,10.13163569,2.459110971
E05000206,Ponders End,Enfield,28.37370242,46.7,17.03683459,41.71,6.874875809,8.318739705,3.184155294
E05000207,Southbury,Enfield,22.97297297,37.5,14.60426065,35.29,4.399491453,9.104221777,3.104800754
E05000208,Southgate,Enfield,22.58953168,22.5,11.22313772,23.1,-3.436684469,5.578931924,3.042096583
E05000209,Southgate Green,Enfield,15.97796143,19.9,14.2364479,18.56,-3.413105715,8.319928878,3.681135856
E05000210,Town,Enfield,18.90756303,16.2,13.59901332,16.45,-5.484265467,6.971967013,2.552695418
E05000211,Turkey Street,Enfield,24.15966387,44.9,14.79848279,41.74,0.177143483,10.73771848,2.465806498
E05000212,Upper Edmonton,Enfield,26.40625,44.2,17.17084988,39.07,-1.231414738,11.64780444,3.100206179
E05000213,Winchmore Hill,Enfield,15.29051988,12.5,12.69023852,11.91,-5.747874943,6.717725402,2.711467829
E05000214,Abbey Wood,Greenwich,27.37704918,36.4,15.72734166,36.65,7.886665386,12.64719852,3.025436478
E05000215,Blackheath Westcombe,Greenwich,17.90123457,16.3,10.72191442,16.44,-2.662993575,13.08050177,3.381741625
E05000216,Charlton,Greenwich,22.51308901,33.9,13.84493242,34.12,1.054258009,10.00395338,3.739065776
E05000217,Coldharbour and New Eltham,Greenwich,21.01265823,22.1,15.69633943,22.8,-3.932330364,7.491043478,2.76296763
E05000218,Eltham North,Greenwich,14.36314363,12.7,14.41841994,13.47,-0.890859341,9.465379623,2.912901018
E05000219,Eltham South,Greenwich,20.84805654,26.4,15.52648175,28.08,5.210684012,11.44872253,3.270010599
E05000220,Eltham West,Greenwich,20.50113895,34.2,17.72895619,35.25,-3.133290454,12.10943754,2.972403018
E05000221,Glyndon,Greenwich,25.56390977,38.5,16.0048138,38.45,1.035008736,10.37954391,3.763664245
E05000222,Greenwich West,Greenwich,23.98648649,34.2,12.04652791,33.8,9.537784379,15.12329424,4.235448185
E05000223,Kidbrooke with Hornfair,Greenwich,22.32779097,31.3,14.66634704,32.71,-1.572014595,12.95605346,2.582836044
E05000224,Middle Park and Sutcliffe,Greenwich,22.35294118,34.6,16.09899543,35.53,-0.323641248,11.47937236,2.432655586
E05000225,Peninsula,Greenwich,20.3187251,30.3,12.82342589,30.13,3.526370255,15.84958862,3.94324309
E05000226,Plumstead,Greenwich,21.56862745,31.4,16.53205598,32.36,1.346817156,11.31014718,3.436978645
E05000227,Shooters Hill,Greenwich,25.44529262,22.3,14.36770754,24.02,7.372872209,8.702693233,2.395665457
E05000228,Thamesmead Moorings,Greenwich,24.51253482,34.3,8.219679938,34.55,2.11551585,9.666779818,2.56460172
E05000229,Woolwich Common,Greenwich,21.27659574,43.1,16.66912383,42.81,2.889257343,10.61817069,4.16511571
E05000230,Woolwich Riverside,Greenwich,25.42372881,43.5,15.11849359,43.55,-7.770834071,13.81936477,4.330323237
E05000231,Brownswood,Hackney,23.71541502,39.4,14.12183657,37.2,-2.197309903,13.45943624,5.725278544
E05000232,Cazenove,Hackney,21.24542125,30.4,15.14024398,21.79,-6.623647861,8.01562378,4.835085037
E05000233,Chatham,Hackney,28.50678733,45.6,16.66021361,43.1,-1.238634819,13.81166976,5.696773499
E05000234,Clissold,Hackney,17.94117647,27.6,13.2770466,26.63,-1.448488473,11.77981227,3.648339897
E05000235,Dalston,Hackney,22.46575342,42.8,14.96047981,40.33,-1.919378525,19.95727777,5.395667337
E05000236,De Beauvoir,Hackney,23.4375,43.1,15.3954759,40.91,-0.277660471,13.04433199,4.545847908
E05000237,Hackney Central,Hackney,26.79738562,43.7,14.37024938,41.88,-6.176649242,13.49573274,6.641909873
E05000238,Hackney Downs,Hackney,19.84536082,43.1,16.18597425,41.54,-0.510122699,14.18156662,5.25923768
E05000239,Haggerston,Hackney,28.21917808,51.4,16.35962044,49.16,-2.698143082,12.28628699,5.07711518
E05000240,Hoxton,Hackney,26.79127726,49.8,16.93024274,47.68,-0.906606515,7.986854366,5.518101232
E05000241,King's Park,Hackney,26.91511387,48.2,14.47523728,47.27,16.90592403,9.720576272,3.09076255
E05000242,Leabridge,Hackney,24.08376963,38.9,15.58698986,37.81,-3.744059419,12.69473935,4.217276605
E05000243,Lordship,Hackney,21.77777778,32.4,13.80671667,23.22,-0.730444055,8.725288071,3.689706954
E05000244,New River,Hackney,27.5,35,18.54717864,23.18,-1.249908386,9.707330028,5.033795395
E05000245,Queensbridge,Hackney,24.22535211,46.1,14.55492716,44.54,-2.179195245,17.43516222,3.973286179
E05000246,Springfield,Hackney,25.63176895,35.9,17.87275956,27,-2.402754146,7.240165297,3.025614982
E05000247,Stoke Newington Central,Hackney,25.25252525,33,14.48439449,30.93,-1.975124969,16.18558156,5.033425047
E05000248,Victoria,Hackney,24.40191388,42.6,14.99244423,41.38,0.050290012,17.05442776,4.645417947
E05000249,Wick,Hackney,29.09535452,48.6,14.72599563,48.43,11.6855226,12.73500074,3.884537423
E05000250,Addison,Hammersmith and Fulham,28.87323944,25.5,13.26973389,25.2,-9.949547898,15.22420095,6.340116174
E05000251,Askew,Hammersmith and Fulham,22.54901961,35.2,14.6834596,34.96,-5.636669458,12.53853989,3.512625212
E05000252,Avonmore and Brook Green,Hammersmith and Fulham,20.49689441,27.7,11.67865396,27.43,-9.691270988,7.432729433,5.804879135
E05000253,College Park and Old Oak,Hammersmith and Fulham,22.36024845,51.1,15.15235384,50.38,6.350628693,5.95321619,4.542187143
E05000254,Fulham Broadway,Hammersmith and Fulham,27.7486911,36,12.84144302,35.4,-4.4569855,15.48770374,4.941938065
E05000255,Fulham Reach,Hammersmith and Fulham,27.27272727,30.3,11.84751199,30.94,1.329226269,7.319110856,3.729155381
E05000256,Hammersmith Broadway,Hammersmith and Fulham,27.47747748,37,14.42418918,36.3,-7.685673585,11.43531039,5.932801362
E05000257,Munster,Hammersmith and Fulham,20.86956522,19.6,10.48515727,19.12,-5.922679374,10.79944954,3.562195479
E05000258,North End,Hammersmith and Fulham,25.77319588,40.1,12.7351512,39.82,-1.433419878,10.20774184,5.200648771
E05000259,Palace Riverside,Hammersmith and Fulham,10.12658228,10.1,9.154564877,10,13.46847735,9.165504147,3.750775078
E05000260,Parsons Green and Walham,Hammersmith and Fulham,22.22222222,16.4,9.485887229,15.46,4.061842508,12.73289673,4.583598867
E05000261,Ravenscourt Park,Hammersmith and Fulham,22.37442922,29.1,11.48774615,28.1,-4.199123489,13.31383877,4.177632356
E05000262,Sands End,Hammersmith and Fulham,21.94092827,38.6,13.43310331,37.21,1.62946781,7.188645651,2.994464878
E05000263,Shepherd's Bush Green,Hammersmith and Fulham,19.35483871,39.8,15.09655032,38.82,2.849739797,14.86851743,5.567462528
E05000264,Town,Hammersmith and Fulham,23.8410596,28.2,11.25433594,27.37,-7.713429818,14.6530772,4.614602499
E05000265,Wormholt and White City,Hammersmith and Fulham,26.4940239,50.3,16.34935901,49.46,1.934925159,10.3039646,3.112095055
E05000266,Alexandra,Haringey,12.09150327,10.7,9.710912767,10.62,8.340144899,10.30151149,2.978702145
E05000267,Bounds Green,Haringey,23.74301676,36.6,13.69479666,35.68,3.711757,11.35181574,4.629215042
E05000268,Bruce Grove,Haringey,26.1682243,41.9,17.49662954,39.57,-4.233244206,13.1504089,4.350884704
E05000269,Crouch End,Haringey,12.12121212,13.9,8.260474651,13.44,-2.302876,13.04163313,3.219177226
E05000270,Fortis Green,Haringey,9.512761021,14.3,9.510590449,14.6,4.8294086,9.914468577,3.074480771
E05000271,Harringay,Haringey,23.30508475,35.8,14.21157984,34,7.20945987,14.40913444,4.42147671
E05000272,Highgate,Haringey,10.56910569,14.4,8.877667344,15.48,5.085188331,10.06186393,3.195443966
E05000273,Hornsey,Haringey,20.0617284,36.2,12.15551499,34.53,-3.431689323,10.98844982,2.868759525
E05000274,Muswell Hill,Haringey,13.86554622,11.6,9.257291679,11.66,3.96868194,12.83540248,3.148610186
E05000275,Noel Park,Haringey,28.57142857,47,18.54660985,43.44,-3.379090608,20.75542315,5.791054651
E05000276,Northumberland Park,Haringey,28.22757112,49.6,17.45363251,46.47,-0.445888786,13.24563652,3.814545778
E05000277,St Ann's,Haringey,22.18309859,41.3,15.63218208,37.64,2.500730137,10.12261124,3.549239501
E05000278,Seven Sisters,Haringey,24.69733656,32.5,15.48674066,27.53,3.554062352,11.09903821,4.236534496
E05000279,Stroud Green,Haringey,17.00404858,27.1,12.25968158,27,-0.149805483,10.70068761,3.84276569
E05000280,Tottenham Green,Haringey,27.59493671,45.4,15.67503514,42.24,-1.718045961,15.77419548,5.656838358
E05000281,Tottenham Hale,Haringey,25.05307856,45.5,16.14060535,43.04,2.897504989,12.84743836,4.186369605
E05000282,West Green,Haringey,20.34739454,44.3,15.62092158,41.88,9.343841275,11.93834325,3.832457026
E05000283,White Hart Lane,Haringey,26.28865979,52.2,18.08908189,50.29,1.969619973,11.02823481,3.213360047
E05000284,Woodside,Haringey,23.27586207,43.5,15.66066014,41.9,6.385462931,8.465348772,4.482624392
E05000285,Belmont,Harrow,17.68292683,16.3,13.76391596,15.38,-15.21924081,6.979092834,1.530892014
E05000286,Canons,Harrow,18.13953488,17.8,12.09533628,16.81,5.087527726,6.134238608,2.611902439
E05000287,Edgware,Harrow,22.00647249,26.9,14.9913428,23.75,-9.206985743,8.739417799,2.876298639
E05000288,Greenhill,Harrow,17.08542714,29.2,11.29185871,27.3,-9.034228112,11.69622372,3.812330417
E05000289,Harrow on the Hill,Harrow,18.03797468,21.6,11.22324209,19.47,-5.285569329,7.698163818,3.115538654
E05000290,Harrow Weald,Harrow,18.3908046,26.1,13.71566011,25,-3.703288291,7.995139842,2.392525373
E05000291,Hatch End,Harrow,15.6996587,15.5,11.9462475,15.12,-14.16072856,6.522791472,1.988133621
E05000292,Headstone North,Harrow,20.30651341,12.9,12.23167031,12.65,-0.536389184,6.390423138,2.56681158
E05000293,Headstone South,Harrow,15.12027491,21.9,11.4753497,20.75,-6.22782654,6.910091056,2.92949825
E05000294,Kenton East,Harrow,19.80519481,24.8,15.52189939,22.56,-8.2579783,6.558889091,2.334520574
E05000295,Kenton West,Harrow,13.78091873,19,14.30395035,18.5,-11.47703983,6.414379352,2.788699693
E05000296,Marlborough,Harrow,19.57671958,32.7,13.35878599,30.63,-10.62327042,7.589394008,3.618827085
E05000297,Pinner,Harrow,17.46724891,19.1,11.44905197,17.37,-12.72274993,7.755065968,1.931620768
E05000298,Pinner South,Harrow,13.12056738,10.1,11.98119381,10.25,-5.313949981,5.931015237,2.040878526
E05000299,Queensbury,Harrow,17.73255814,23.3,15.44629369,19.5,-9.910797161,7.805925121,2.409140701
E05000300,Rayners Lane,Harrow,17.69436997,16.1,13.45393038,13.03,-10.17870236,6.596504676,3.248082486
E05000301,Roxbourne,Harrow,19.22330097,36.1,14.48700543,32.72,-10.12800433,8.234832722,2.898256059
E05000302,Roxeth,Harrow,16.58878505,22.5,14.55996299,19.45,-5.771284791,10.54259646,2.931876397
E05000303,Stanmore Park,Harrow,17.44186047,23.8,12.63390062,22.75,-6.54826737,7.605850279,1.818836219
E05000304,Wealdstone,Harrow,20.65868263,36.3,13.74116959,33.16,-22.25675329,8.86751535,3.065580891
E05000305,West Harrow,Harrow,23.52941176,22.6,11.88241084,21.17,-7.256711481,6.135425381,3.177696325
E05000306,Brooklands,Havering,27.63819095,23.3,14.11043212,23.71,-4.519054295,6.720552488,2.762888798
E05000307,Cranham,Havering,12.46819338,10.6,14.52083019,11.49,5.198378117,4.106909175,2.14788148
E05000308,Elm Park,Havering,21.77033493,21.5,13.94527326,23.5,6.551566691,6.464260299,2.707698006
E05000309,Emerson Park,Havering,14.01273885,8.8,15.13626779,9.92,-11.58297697,5.384914225,1.955493088
E05000310,Gooshays,Havering,24.90421456,35,17.26596224,35.14,12.92562817,11.16233037,2.553700498
E05000311,Hacton,Havering,12.72727273,11.1,15.21999978,12.72,-5.06164177,5.422101186,2.505779287
E05000312,Harold Wood,Havering,17.69662921,19.2,14.02570224,20.39,1.819233393,7.221792529,2.414115345
E05000313,Havering Park,Havering,15.63169165,28.3,15.7533236,28.79,12.46040134,6.318240019,2.079888507
E05000314,Heaton,Havering,24.57420925,32.3,14.56717829,33.5,-0.070149061,8.621772635,2.085464182
E05000315,Hylands,Havering,15.96009975,11.6,14.85892622,12.99,-7.307919844,7.817956098,2.103233538
E05000316,Mawneys,Havering,21.77033493,19.3,15.3597844,20.04,-2.906904446,7.592750176,2.39556681
E05000317,Pettits,Havering,16.87344913,10.4,15.97990153,11.17,1.478281844,7.108252837,2.140800061
E05000318,Rainham and Wennington,Havering,23.36956522,22.2,14.32436802,23.73,4.003294829,8.044572275,1.942231791
E05000319,Romford Town,Havering,22.45989305,21.5,14.57976717,22.5,-14.22911808,16.33098259,4.262740147
E05000320,St Andrew's,Havering,19.09547739,13.6,15.8117566,14.71,-9.970205724,8.135994999,3.325538978
E05000321,South Hornchurch,Havering,24.8015873,24.7,16.29895947,25.91,8.268552012,7.82997254,2.371115609
E05000322,Squirrel's Heath,Havering,15.65217391,12.8,15.28416107,13.41,-16.82524407,6.528148325,2.657352395
E05000323,Upminster,Havering,11.13861386,4.7,16.11317693,5.81,2.544204448,6.205634603,1.966014729
E05000324,Barnhill,Hillingdon,25.1450677,33,12.66652097,30.95,1.970377201,14.23832806,2.354181858
E05000325,Botwell,Hillingdon,26.74199623,34.5,14.18334357,33.95,1.333929672,6.95842444,2.677780415
E05000326,Brunel,Hillingdon,22.22222222,28,13.09915048,27.61,-1.599584731,9.188972983,2.719468207
E05000327,Cavendish,Hillingdon,15.54959786,12.1,13.07861833,13.46,-6.006446476,6.376068801,2.142477166
E05000328,Charville,Hillingdon,21.85430464,24.5,13.58972094,23.47,6.396167777,8.231052967,2.098107292
E05000329,Eastcote and East Ruislip,Hillingdon,12.92307692,6.4,13.71005976,7.17,5.352521517,7.503621547,1.957838382
E05000330,Harefield,Hillingdon,19.2139738,21.3,13.58767832,21.65,7.076187517,5.94135415,1.287527009
E05000331,Heathrow Villages,Hillingdon,22.76923077,28.4,11.82810565,27.82,-3.366313743,7.762323037,2.452372014
E05000332,Hillingdon East,Hillingdon,19.47483589,22.9,12.7675534,22.93,6.001546008,8.691036542,1.955719332
E05000333,Ickenham,Hillingdon,12.60504202,6.3,12.99586049,7.61,6.510894991,5.882320863,2.013100407
E05000334,Manor,Hillingdon,9.510086455,11,12.52353773,12.58,-5.640026164,8.085301958,2.963182288
E05000335,Northwood,Hillingdon,10.59602649,12.6,9.768925484,14.17,7.051536419,6.230503826,2.218950585
E05000336,Northwood Hills,Hillingdon,15.8045977,17.8,12.72038059,17.55,3.736855287,7.037611345,2.134442407
E05000337,Pinkwell,Hillingdon,20.39800995,33.2,12.42721733,30.85,-2.946514631,11.90087165,2.495223378
E05000338,South Ruislip,Hillingdon,18.11023622,15,12.33348413,15.43,10.19798343,8.561977088,2.545341928
E05000339,Townfield,Hillingdon,25.4368932,36.3,13.34374055,35.22,2.077510946,13.7259529,2.865262783
E05000340,Uxbridge North,Hillingdon,14.14141414,12.3,11.91291047,13.6,0.842188119,10.88901916,2.324292111
E05000341,Uxbridge South,Hillingdon,22.61904762,27.3,11.98212519,26.79,-5.993544212,8.152959046,2.315024435
E05000342,West Drayton,Hillingdon,23.09278351,35.7,12.88349901,35.38,-9.370434873,11.08889628,2.100607894
E05000343,West Ruislip,Hillingdon,13.84083045,12.2,10.97867938,12.8,3.647477006,9.974408958,2.35558173
E05000344,Yeading,Hillingdon,26.5060241,34.8,10.65829674,33.16,2.090551765,15.59495147,1.981131705
E05000345,Yiewsley,Hillingdon,24.77876106,34.2,11.61684086,34.6,-2.893945757,9.674442951,2.369672105
E05000346,Bedfont,Hounslow,23.30097087,30.5,12.94320618,30.23,5.792239142,7.441103585,1.877054113
E05000347,Brentford,Hounslow,21.13821138,33.4,13.73096962,32.36,6.040130361,6.265502709,3.148740293
E05000348,Chiswick Homefields,Hounslow,16.04938272,15.4,9.002631077,14.96,10.40082613,10.55560594,3.521879075
E05000349,Chiswick Riverside,Hounslow,21.31979695,14.5,9.625762735,14.81,3.72067967,9.055799729,2.901877874
E05000350,Cranford,Hounslow,23.11557789,31.3,11.53055065,28.92,-2.095794611,9.164433215,2.380707071
E05000351,Feltham North,Hounslow,25.89285714,27.7,13.43826651,26.97,5.200864594,7.103040817,2.804321835
E05000352,Feltham West,Hounslow,25.14071295,30.5,12.51695898,31.02,2.525409779,10.81785478,2.151779742
E05000353,Hanworth,Hounslow,22.52252252,35.5,13.34134514,35.97,7.474133157,12.18601665,2.376118968
E05000354,Hanworth Park,Hounslow,22.05438066,26.5,13.06549678,26.82,6.718369116,9.008611843,2.425483389
E05000355,Heston Central,Hounslow,22.65060241,26.8,10.35962084,25.78,0.403560185,11.24473199,2.801423145
E05000356,Heston East,Hounslow,25,29.6,10.11116088,28.03,6.135752463,9.468746377,2.214202824
E05000357,Heston West,Hounslow,27.51937984,35.3,12.67173697,32.51,4.007230266,10.49737285,2.110552321
E05000358,Hounslow Central,Hounslow,22.10242588,22.3,11.18174736,22.07,1.511001582,17.50203402,4.676038606
E05000359,Hounslow Heath,Hounslow,27.07070707,30.9,10.8838755,28.16,3.599022582,11.07370425,2.961646412
E05000360,Hounslow South,Hounslow,24.10714286,11.6,11.48984543,11.72,-4.844018248,8.184695226,2.403338078
E05000361,Hounslow West,Hounslow,26.57142857,20.3,11.86069753,18.79,-4.798992171,12.53757458,3.861102553
E05000362,Isleworth,Hounslow,21.54696133,37.6,12.04787675,35.47,1.419505093,8.416086168,2.008960567
E05000363,Osterley and Spring Grove,Hounslow,17.95774648,15.8,10.78525671,15.78,8.847337329,6.48141955,2.764292888
E05000364,Syon,Hounslow,22.00557103,33.3,12.54763299,33.09,6.583785302,8.30819789,3.366302108
E05000365,Turnham Green,Hounslow,18.38235294,15.4,9.565580633,15.73,-1.573021071,6.790786644,4.476297663
E05000366,Barnsbury,Islington,23.25581395,41.4,12.51335468,39.2,-7.660324741,16.4497374,5.6327658
E05000367,Bunhill,Islington,26.61596958,50.5,12.75663264,49.66,-12.76561121,4.735632841,6.536948912
E05000368,Caledonian,Islington,27.21712538,49.1,13.27864891,47.38,-9.70253339,9.598572396,5.354916382
E05000369,Canonbury,Islington,26.5917603,45.4,17.46389573,44.65,1.669494853,13.94412864,5.951721045
E05000370,Clerkenwell,Islington,19.89247312,44.3,15.77403825,43.27,-13.68870342,7.067931061,6.42121018
E05000371,Finsbury Park,Islington,26.65036675,51.5,15.72667482,49.75,-1.43297224,20.6832449,5.996925544
E05000372,Highbury East,Islington,16.08040201,29.4,13.10023076,28.91,1.79344485,11.71560014,4.712824981
E05000373,Highbury West,Islington,21.32352941,40,14.91148507,39.37,0.661735931,7.828928227,6.023562195
E05000374,Hillrise,Islington,17.62917933,41.9,15.07721275,41.49,3.397380969,10.9602256,4.258756861
E05000375,Holloway,Islington,19.63190184,52,15.85603552,49.91,0.985193089,12.48878355,5.780932962
E05000376,Junction,Islington,20.98765432,37.8,14.80269236,37.18,3.574008867,11.71813351,5.517962317
E05000377,Mildmay,Islington,24.63768116,44.2,17.00134999,43.15,-6.69506253,13.62588698,5.702370184
E05000378,St George's,Islington,26,35.4,14.96665002,34.82,0.286398611,14.33757449,4.29343927
E05000379,St Mary's,Islington,20.36199095,41.8,12.97714673,41.1,3.030745846,21.36321876,6.674180254
E05000380,St Peter's,Islington,27.39130435,45.9,13.51835099,44.74,-3.472337348,15.49669012,5.218749784
E05000381,Tollington,Islington,19.80519481,44.9,16.04647234,43.12,4.078242629,14.61931149,3.974626457
E05000382,Abingdon,R B of Kensington and Chelsea,24.05063291,18.9,10.02251444,17.2,2.804442169,8.237589843,6.371254518
E05000383,Brompton,R B of Kensington and Chelsea,23.7394958,13.9,10.42228573,12.94,3.799660966,9.168435571,6.936391872
E05000384,Campden,R B of Kensington and Chelsea,23.7394958,8.2,7.90764305,7.78,7.94947343,9.181487601,6.787567661
E05000385,Colville,R B of Kensington and Chelsea,27.39726027,35,16.34218187,35.42,6.104299749,20.49018402,5.437123137
E05000386,Courtfield,R B of Kensington and Chelsea,23.7394958,6.3,9.885861194,6.88,4.934016646,10.89014292,6.950939537
E05000387,Cremorne,R B of Kensington and Chelsea,27.73722628,37.7,13.02815693,37.99,8.318162273,8.443082232,4.264835406
E05000388,Earl's Court,R B of Kensington and Chelsea,21.69811321,25.6,14.2048221,25.74,-1.541177645,12.75765002,6.97506277
E05000389,Golborne,R B of Kensington and Chelsea,28.23529412,51.9,15.41676212,50.94,12.56775084,14.44634214,4.252209635
E05000390,Hans Town,R B of Kensington and Chelsea,24.65753425,23.3,10.21691653,22.16,4.512178147,7.633144767,6.865392322
E05000391,Holland,R B of Kensington and Chelsea,20.18348624,21.5,10.05551524,19.86,9.010955114,9.910763371,5.622459101
E05000392,Norland,R B of Kensington and Chelsea,26.05042017,26.1,10.86590619,25.49,7.29492379,8.444457295,5.595788088
E05000393,Notting Barns,R B of Kensington and Chelsea,23.8267148,41.8,14.61939118,41.48,5.692911189,11.43125097,3.966019438
E05000394,Pembridge,R B of Kensington and Chelsea,19.60784314,15,11.08889582,13.95,-0.045703664,20.6177728,7.056328273
E05000395,Queen's Gate,R B of Kensington and Chelsea,23.7394958,5.4,8.668279762,4.65,4.330430245,7.347214208,6.140097304
E05000396,Redcliffe,R B of Kensington and Chelsea,15.09433962,14.4,9.244954004,14.1,8.871265334,10.65971343,5.956841574
E05000397,Royal Hospital,R B of Kensington and Chelsea,23.7394958,10.1,9.40651848,10.37,14.91446995,9.089151386,3.810494736
E05000398,St Charles,R B of Kensington and Chelsea,23.42007435,43.7,16.08574847,43.65,9.224513826,10.59822895,3.583296919
E05000399,Stanley,R B of Kensington and Chelsea,20.37037037,17.1,8.728155043,17.37,1.503571203,5.819393546,5.3260972
E05000400,Alexandra,R B of Kingston upon Thames,16.20795107,12.8,13.94596275,12.41,-5.78385893,5.374669641,2.112830288
E05000401,Berrylands,R B of Kingston upon Thames,14.5,15.1,10.22585924,14.78,-2.982211679,5.518787384,2.387603668
E05000402,Beverley,R B of Kingston upon Thames,15.86826347,17.8,11.29194385,17.07,1.837611291,7.803402843,2.568363355
E05000403,Canbury,R B of Kingston upon Thames,10.67073171,12.2,8.486315655,12.3,-4.963661029,6.810924809,3.685040582
E05000404,Chessington North and Hook,R B of Kingston upon Thames,20.07168459,19,14.08520466,19.71,-1.86694881,5.700193876,2.295934139
E05000405,Chessington South,R B of Kingston upon Thames,17.28395062,15.8,12.12418109,15.8,15.70188088,5.194559006,2.159441792
E05000406,Coombe Hill,R B of Kingston upon Thames,15.46961326,16.7,11.10387781,16.24,3.866307856,4.401699674,2.465428679
E05000407,Coombe Vale,R B of Kingston upon Thames,13.44827586,10.1,10.74929936,10.04,-5.089297638,4.587176164,2.252648026
E05000408,Grove,R B of Kingston upon Thames,13.13868613,18.3,8.599294326,18.58,0.143171301,14.59158602,4.2452308
E05000409,Norbiton,R B of Kingston upon Thames,23.046875,32.3,12.52633798,29.4,3.457952284,8.833056003,3.372986974
E05000410,Old Malden,R B of Kingston upon Thames,20.73578595,16.7,13.76075445,15.79,-0.516394216,4.918065721,2.411358707
E05000411,St James,R B of Kingston upon Thames,18.87550201,15.3,13.849315,13.83,-1.74035571,5.934727108,2.558318105
E05000412,St Mark's,R B of Kingston upon Thames,12.06896552,9.1,9.276800772,8.92,-0.770900747,7.59929696,3.678753286
E05000413,Surbiton Hill,R B of Kingston upon Thames,14.9068323,14.1,9.854678264,14.17,-10.37669558,5.318012494,2.90148833
E05000414,Tolworth and Hook Rise,R B of Kingston upon Thames,16.71826625,18.8,12.59532757,18.34,-10.65784253,5.947522205,2.070265174
E05000415,Tudor,R B of Kingston upon Thames,9.677419355,8,9.065397604,9.29,2.078223854,6.013379508,2.265312042
E05000416,Bishop's,Lambeth,24.5508982,35.7,13.81582147,34.74,-2.8230196,6.434905744,7.497228379
E05000417,Brixton Hill,Lambeth,22.02380952,32,13.71043782,32.65,1.66686603,12.22449737,4.945529682
E05000418,Clapham Common,Lambeth,20.49689441,22.1,10.25593746,23.16,-2.359070858,12.43849267,4.325498686
E05000419,Clapham Town,Lambeth,17.90393013,29.9,11.13109041,29.82,-2.0957608,24.20112142,5.23091817
E05000420,Coldharbour,Lambeth,23.50813743,46.2,15.58681835,46.67,-6.484952287,20.78457323,5.242839665
E05000421,Ferndale,Lambeth,26.2195122,35.2,13.36195941,34.56,-2.725119644,24.21231205,6.280350625
E05000422,Gipsy Hill,Lambeth,25.13368984,37.7,14.58850305,38.9,4.51072555,12.6555572,3.614306028
E05000423,Herne Hill,Lambeth,21.94444444,27,13.12940901,28.1,-2.686755077,9.428072772,4.217519862
E05000424,Knight's Hill,Lambeth,27.31829574,31.3,13.00451025,32.45,-3.547866729,11.79607955,3.805154625
E05000425,Larkhall,Lambeth,31.20567376,42.1,14.6126311,41.86,2.372468176,13.64302996,5.343908803
E05000426,Oval,Lambeth,26.54545455,38.2,13.52171501,37.42,-0.931410279,11.98876365,6.44719699
E05000427,Prince's,Lambeth,27.98742138,39.1,13.30980011,39.61,-9.260124703,8.770622624,6.029441232
E05000428,St Leonard's,Lambeth,22.04724409,25.3,11.93599067,25.73,-1.017291762,17.44755252,5.582279901
E05000429,Stockwell,Lambeth,32.38341969,37.2,13.00631274,38.48,2.806911553,13.23895364,5.610300559
E05000430,Streatham Hill,Lambeth,23,29,13.79391324,29.39,-3.196623157,13.46743142,5.026610887
E05000431,Streatham South,Lambeth,24.73404255,28.8,13.78726206,28.49,2.046619172,9.895530365,3.324934665
E05000432,Streatham Wells,Lambeth,21.73913043,32.6,11.55372172,32.35,-3.886665998,10.05810362,4.185967206
E05000433,Thornton,Lambeth,27.56756757,33.2,13.51974787,33,-3.403642012,11.96578667,3.208824978
E05000434,Thurlow Park,Lambeth,23.55212355,26.7,10.97327422,26.84,-6.029051676,11.85855194,4.828281039
E05000435,Tulse Hill,Lambeth,26.13390929,40.7,13.99406333,41.15,-0.172908953,13.70259523,4.410457494
E05000436,Vassall,Lambeth,28.42377261,40.4,15.6341142,39.97,-4.312172393,15.17201097,4.433034018
E05000437,Bellingham,Lewisham,27.64084507,38.1,16.24042569,38.53,5.789182217,13.42640939,2.867606223
E05000438,Blackheath,Lewisham,22.1402214,27,10.07232796,26.2,2.126262487,13.32271071,4.762150553
E05000439,Brockley,Lewisham,24.69135802,33.5,15.53637008,34.88,-6.263707194,15.34373429,5.2215628
E05000440,Catford South,Lewisham,25.6147541,24.1,14.48439533,23.75,-13.51722029,9.236527056,3.197263955
E05000441,Crofton Park,Lewisham,20.16806723,23.9,12.66890431,25,-7.68514226,9.569539187,3.757729712
E05000442,Downham,Lewisham,26.14503817,39,17.41355673,39.16,5.988279669,15.10567588,3.013810774
E05000443,Evelyn,Lewisham,27.06502636,46.8,14.41917246,46.22,-5.149298171,12.6290281,3.040009541
E05000444,Forest Hill,Lewisham,19.26121372,26.9,12.86093445,27.73,-3.916602936,11.77892976,3.544692741
E05000445,Grove Park,Lewisham,25.96153846,31.9,12.55727873,32.65,-6.255014625,9.898708399,3.07583339
E05000446,Ladywell,Lewisham,22.34332425,25.5,12.57628326,25.66,0.296712741,12.18638673,4.249341657
E05000447,Lee Green,Lewisham,17.64705882,22.1,11.63682509,22.52,-3.575918279,12.1430806,3.190980498
E05000448,Lewisham Central,Lewisham,22.34332425,36.3,13.90932645,36.8,-0.523358527,19.34584545,4.807349949
E05000449,New Cross,Lewisham,28.36538462,38.5,13.79501452,39,-7.339393237,18.25137332,4.217118726
E05000450,Perry Vale,Lewisham,22.81105991,30.8,14.01935665,30.08,-14.52700758,11.74663682,3.265763352
E05000451,Rushey Green,Lewisham,24.19825073,32.7,15.78990082,33.13,2.270723059,14.6612725,4.919020697
E05000452,Sydenham,Lewisham,22.58064516,33.3,14.14878246,33.15,-0.170818216,11.19523342,3.910213381
E05000453,Telegraph Hill,Lewisham,22.77432712,34.1,15.10122846,34.46,-11.71774568,11.90331809,4.449764405
E05000454,Whitefoot,Lewisham,24.33862434,35.1,15.88199756,33.93,1.293948836,12.92910867,2.605874732
E05000455,Abbey,Merton,18.28571429,20.3,8.899667287,20.4,-0.812536297,8.16342924,5.031529335
E05000456,Cannon Hill,Merton,15.41666667,9.8,13.7994948,9.87,6.711682978,5.967808072,2.615218085
E05000457,Colliers Wood,Merton,24.86772487,22.2,11.9569116,22.74,1.211627476,12.90990478,3.995407477
E05000458,Cricket Green,Merton,23.40425532,34.1,13.39492913,32.86,8.602518034,9.608373157,3.087572109
E05000459,Dundonald,Merton,6.71641791,7.5,8.19764991,8.23,-2.173739144,8.314974243,4.550326237
E05000460,Figge's Marsh,Merton,19.82248521,31.3,14.22663174,29.8,2.281905055,12.92594879,3.709254014
E05000461,Graveney,Merton,24.01746725,19.1,15.02860066,17.31,-2.426212749,9.246566735,3.410723718
E05000462,Hillside,Merton,19.31891197,4.8,6.430956005,4.93,-8.561022839,5.542958367,4.976256591
E05000463,Lavender Fields,Merton,23.10344828,27.3,9.977058037,26.9,-1.138848954,10.14910621,2.560844762
E05000464,Longthornton,Merton,21.81303116,23.5,12.86222332,24.2,2.578642746,9.210723307,2.817291789
E05000465,Lower Morden,Merton,13.45454545,12.3,13.3434057,12.07,2.785832548,5.132653061,2.172505484
E05000466,Merton Park,Merton,14.79820628,10.2,10.9492407,9.14,0.988373457,6.438211362,3.846286849
E05000467,Pollards Hill,Merton,22.58953168,30.8,12.26445161,30.18,9.588626424,11.75240392,2.665695156
E05000468,Ravensbury,Merton,18.55345912,30.7,15.93178988,29.63,10.4387775,11.21843218,3.202883416
E05000469,Raynes Park,Merton,12.03007519,9.7,10.11246686,9.42,0.877615688,5.924025613,3.37072493
E05000470,St Helier,Merton,22.7027027,26.6,16.89796416,25.34,8.00973294,8.99747947,2.94200258
E05000471,Trinity,Merton,19.37984496,12.3,6.563852325,11.85,5.266267173,12.52160259,3.84844888
E05000472,Village,Merton,19.31891197,2.3,8.514256421,2.15,9.944499084,6.443142153,2.275019714
E05000473,West Barnes,Merton,19.78021978,13.9,11.61092871,12.56,-0.205179166,6.177245796,2.559162154
E05000474,Wimbledon Park,Merton,16.16766467,10.7,8.264047828,10.93,1.18657337,6.493818245,3.103551355
E05000475,Beckton,Newham,27.98353909,37.3,7.953129018,36.45,-1.252503146,11.90746687,2.754100428
E05000476,Boleyn,Newham,22.75747508,39.5,17.59982778,35.52,-4.139275235,11.53016085,4.172798169
E05000477,Canning Town North,Newham,26.84684685,42.6,14.95515516,41.37,-1.364225892,12.31796135,4.365006978
E05000478,Canning Town South,Newham,27.16535433,45.5,17.23194864,44.28,-9.423823624,14.44514893,3.544842576
E05000479,Custom House,Newham,24.61832061,38.9,11.66523522,38.25,3.457916956,19.4938276,2.679368756
E05000480,East Ham Central,Newham,24.15026834,34.5,19.75328434,30.28,-4.978817407,15.91755468,4.829283357
E05000481,East Ham North,Newham,24.20382166,34.4,19.67289706,28.99,-1.129948518,8.210538261,4.400372307
E05000482,East Ham South,Newham,26.71641791,39,18.46864273,36.2,1.902016853,10.20245241,2.576083441
E05000483,Forest Gate North,Newham,27.25490196,36,15.67825415,33.89,-2.057816834,11.77657708,3.053699913
E05000484,Forest Gate South,Newham,20.65637066,36.7,18.28038229,33.29,-9.311386878,15.27464549,3.832515252
E05000485,Green Street East,Newham,23.3151184,37.6,20.61458466,31.76,-6.632142454,10.19188941,3.833159844
E05000486,Green Street West,Newham,23.48008386,37.8,20.40876591,30.91,-9.867840799,9.883950443,4.015740317
E05000487,Little Ilford,Newham,25.11346445,42.7,19.68571278,36.95,10.95042304,10.72555702,2.794171743
E05000488,Manor Park,Newham,24.33537832,38.7,19.23938317,33.7,-0.025536531,12.1659639,4.039994983
E05000489,Plaistow North,Newham,24.23698384,42.7,16.76233765,38.95,-6.086321841,10.82778175,4.021695391
E05000490,Plaistow South,Newham,27.72808587,40.3,17.22579567,38.28,-3.097378723,10.54580258,4.293285115
E05000491,Royal Docks,Newham,26.1829653,39.3,12.01018402,38.53,-2.68273435,11.17731322,2.461432439
E05000492,Stratford and New Town,Newham,27.81954887,40.2,14.380157,38.32,6.759561397,17.06224548,5.277167408
E05000493,Wall End,Newham,23.66863905,36.1,18.40827689,30.23,-1.134755767,8.86861895,3.692622169
E05000494,West Ham,Newham,25.32110092,43,15.47787681,41.67,6.057585444,12.09221079,4.258800252
E05000495,Aldborough,Redbridge,22.15799615,26.2,15.02661439,23.21,6.830512154,10.6650413,2.491346847
E05000496,Barkingside,Redbridge,20.14742015,17.4,15.25821534,16.23,-6.570807631,9.965002171,3.287570476
E05000497,Bridge,Redbridge,19.58762887,22.4,13.22840512,22.87,3.257062455,8.44979399,1.837912153
E05000498,Chadwell,Redbridge,23.1884058,29.1,12.30889692,27.24,-13.72395715,8.75596122,2.511945763
E05000499,Church End,Redbridge,13.87755102,9.3,11.90057854,9.56,-8.172333993,10.79265405,2.789965892
E05000500,Clayhall,Redbridge,21.70542636,15.2,15.44453899,13.48,4.709087251,7.946365561,2.32392395
E05000501,Clementswood,Redbridge,20.58212058,43.3,19.11455925,38.52,-14.45920686,15.13175404,3.441539173
E05000502,Cranbrook,Redbridge,21.81818182,23.1,14.79718484,20.06,6.700272046,10.91338761,3.697460183
E05000503,Fairlop,Redbridge,23.27586207,24.6,14.53543689,24.75,8.139359215,9.681882493,2.781588272
E05000504,Fullwell,Redbridge,25.26539278,27.2,15.31531826,25.65,4.107732144,9.667562771,2.333634206
E05000505,Goodmayes,Redbridge,23.83292383,33.6,14.10952767,30.95,-10.3467833,10.67715753,3.621522783
E05000506,Hainault,Redbridge,23.98190045,34.4,15.25902901,34.03,9.400330821,9.135126295,2.444482616
E05000507,Loxford,Redbridge,23.96313364,47.9,14.92352574,44.24,-0.515659197,11.76796159,3.462472338
E05000508,Mayfield,Redbridge,26.42706131,26.9,15.39587829,23.48,-1.868114357,8.809374287,2.671283668
E05000509,Monkhams,Redbridge,17.43589744,7,11.91795126,6.91,1.76778758,7.185115524,2.643241852
E05000510,Newbury,Redbridge,22.07792208,31.5,15.61004216,27.95,-4.845422758,9.064747317,3.13115245
E05000511,Roding,Redbridge,19.30294906,22.9,13.7717556,22.87,5.396222974,8.959751913,2.373518854
E05000512,Seven Kings,Redbridge,24.13087935,31.1,16.03490134,28.99,-0.020182739,9.030123139,3.099077892
E05000513,Snaresbrook,Redbridge,18.82352941,9.5,10.6189632,10.11,-2.877326972,8.601907811,3.687230281
E05000514,Valentines,Redbridge,21.27139364,30.8,17.05145943,29.21,-6.484044899,16.01430111,4.521823996
E05000515,Wanstead,Redbridge,21.3592233,12.5,11.67123995,12.5,12.17112288,14.2538793,2.447883068
E05000516,Barnes,Richmond upon Thames,19.84126984,11.2,9.126281432,11.21,11.14883818,7.232102235,3.179067991
E05000517,East Sheen,Richmond upon Thames,7.511737089,4.9,9.237784096,5.05,14.80292228,6.673676929,2.493172356
E05000518,Fulwell and Hampton Hill,Richmond upon Thames,5.904059041,8.6,10.16792399,8.42,-1.000300884,5.119196541,2.891272081
E05000519,"Ham, Petersham and Richmond Riverside",Richmond upon Thames,14.28571429,20,10.74411123,20.91,17.50747618,7.413972135,2.056238442
E05000520,Hampton,Richmond upon Thames,11.03448276,9.2,10.43204535,9.87,16.09859024,6.11963393,2.5076556
E05000521,Hampton North,Richmond upon Thames,15.97633136,19.9,9.480931517,19.85,2.13885124,8.056134696,2.168733421
E05000522,Hampton Wick,Richmond upon Thames,9.765625,9.7,8.874813968,10.54,7.458631805,7.105251377,2.508807721
E05000523,Heathfield,Richmond upon Thames,13.91585761,26,14.15101946,24.53,1.692385363,7.320729965,1.988859035
E05000524,Kew,Richmond upon Thames,10.25641026,10,8.321706405,9.77,10.15392653,6.18660981,3.006518103
E05000525,Mortlake and Barnes Common,Richmond upon Thames,8.602150538,13.7,8.62875958,15.18,5.383853793,6.429125322,3.087898437
E05000526,North Richmond,Richmond upon Thames,12.31527094,11.9,9.226187029,12.5,6.629337644,7.46871219,4.316180601
E05000527,St Margarets and North Twickenham,Richmond upon Thames,10.03717472,7,7.643402795,6.92,2.620842079,6.34331628,2.985924978
E05000528,South Richmond,Richmond upon Thames,5.691056911,7.6,7.694989495,8.26,5.916319556,10.56960729,4.064326081
E05000529,South Twickenham,Richmond upon Thames,6.18556701,5.1,8.981372888,5.57,0.119277183,4.615059835,3.444247761
E05000530,Teddington,Richmond upon Thames,7.883817427,6.3,7.826921349,7.31,7.8829996,5.644597845,2.981454846
E05000531,Twickenham Riverside,Richmond upon Thames,7.894736842,6.4,7.332374379,7.32,4.114016395,7.436184895,4.1789125
E05000532,West Twickenham,Richmond upon Thames,14.01273885,12.7,10.6640352,11.66,8.12333557,7.18180737,2.680092409
E05000533,Whitton,Richmond upon Thames,13.75838926,16.2,12.6131315,16.15,-2.783286252,7.918561179,2.393932088
E05000534,Brunswick Park,Southwark,23.00319489,34.1,15.457007,34.56,-10.18095847,11.70322051,3.943978583
E05000535,Camberwell Green,Southwark,26.16136919,37.7,16.65971631,38.7,-6.964656906,16.06135726,5.565071363
E05000536,Cathedrals,Southwark,29.95951417,36.3,13.72325259,37.32,-13.03894634,5.274607953,7.675814334
E05000537,Chaucer,Southwark,33.13432836,36.4,14.99002232,35.36,-12.06657621,9.772492215,6.088118152
E05000538,College,Southwark,20.41666667,26.4,10.68903542,26.23,2.207437594,12.0315787,3.188033765
E05000539,East Dulwich,Southwark,14.87603306,16.2,11.5501327,16.53,-10.05139756,11.13648961,4.057863071
E05000540,East Walworth,Southwark,24.30939227,36.8,16.75017598,37.26,-2.237109995,23.58761648,5.840020333
E05000541,Faraday,Southwark,29.6037296,37.2,16.54271552,36.08,0.236389474,15.87260848,4.337604382
E05000542,Grange,Southwark,24.18772563,38.4,13.18551582,38.43,-14.99487426,9.940290556,4.416557461
E05000543,Livesey,Southwark,27.42980562,42.4,15.62344317,43.73,-12.23093307,19.31697665,4.065504272
E05000544,Newington,Southwark,24.66124661,37.5,15.41212985,38.07,-7.278948787,14.98661162,5.92326834
E05000545,Nunhead,Southwark,25.49019608,35.5,15.31375279,37.36,-8.724617087,16.71494561,4.359170959
E05000546,Peckham,Southwark,26.40692641,37.4,15.47994592,38.62,-8.738384494,17.63187818,4.119220889
E05000547,Peckham Rye,Southwark,21.9269103,21.6,13.10442725,21.98,5.341056981,12.32151973,3.355208598
E05000548,Riverside,Southwark,38.1443299,35.6,11.23942241,35.94,-8.314117983,5.255930627,4.461696789
E05000549,Rotherhithe,Southwark,29.53846154,36.8,11.43519771,37.55,4.794381367,13.89326646,4.69284108
E05000550,South Bermondsey,Southwark,29.13165266,34.7,12.22890166,35.95,-9.502063526,13.32986825,3.580832834
E05000551,South Camberwell,Southwark,26.76923077,26.5,13.77589646,27.52,-12.35921923,10.70359908,4.32302599
E05000552,Surrey Docks,Southwark,27.41116751,25.2,5.677048231,25.91,-4.829443711,12.38423863,2.653723782
E05000553,The Lane,Southwark,23.32361516,32.8,13.93193775,33.93,-5.578340184,20.59893429,5.570297619
E05000554,Village,Southwark,12.01716738,8.3,9.124728732,9.22,0.689226973,10.97446498,3.707242533
E05000555,Beddington North,Sutton,22.51461988,11.5,13.66116183,12.4,9.594555236,5.82857764,2.653472292
E05000556,Beddington South,Sutton,23.49570201,29.6,14.53696014,31.15,2.393000647,9.447858901,2.039179152
E05000557,Belmont,Sutton,15.93625498,14.7,10.4071611,15.27,-12.32759287,4.149813373,2.138273035
E05000558,Carshalton Central,Sutton,13.30935252,11.4,14.3167659,11.65,-1.370651565,8.563730036,3.071834669
E05000559,Carshalton South and Clockhouse,Sutton,16.4983165,11.4,13.63723085,12.92,7.090620268,6.691147664,1.872569805
E05000560,Cheam,Sutton,13.57615894,7.3,13.41287471,7.89,-4.077174687,4.937229913,2.034677778
E05000561,Nonsuch,Sutton,14.91712707,8.1,14.84061998,8.79,-1.651619816,6.724354151,2.20322988
E05000562,St Helier,Sutton,24.38423645,30.7,17.28327457,29.97,0.941558008,7.994934696,2.822353824
E05000563,Stonecot,Sutton,15.7635468,11.4,15.24341304,11.21,-2.080119775,7.322996433,2.392194375
E05000564,Sutton Central,Sutton,21.31147541,23.2,12.39983433,24.68,-11.69482306,13.58823397,4.100147568
E05000565,Sutton North,Sutton,17.70491803,17.6,13.88260264,18.91,-7.067674017,9.10407064,3.033242665
E05000566,Sutton South,Sutton,18.85714286,14.8,9.146296238,15.19,-18.4802808,4.958176297,3.221062263
E05000567,Sutton West,Sutton,15.55555556,11.3,10.25980762,11.93,-0.43272261,6.747969718,3.217628856
E05000568,The Wrythe,Sutton,17.13395639,17.3,13.56555826,18.27,-5.461920608,9.955737332,2.465470645
E05000569,Wallington North,Sutton,15.84507042,15,13.70280242,15.45,-2.45297528,8.035122115,3.284718666
E05000570,Wallington South,Sutton,17.84232365,18,12.22143425,19.07,-6.063832264,9.037954083,3.170867599
E05000571,Wandle Valley,Sutton,21.49758454,29.7,13.98022884,29.41,6.905470026,9.968493151,2.20426867
E05000572,Worcester Park,Sutton,16.6180758,14.6,12.64602582,15.41,-0.656471249,6.120650626,2.278601219
E05000573,Bethnal Green North,Tower Hamlets,27.02020202,54.4,14.51145386,47.59,3.279153611,13.10243713,6.07012433
E05000574,Bethnal Green South,Tower Hamlets,25.93516209,55.9,14.7759715,48.06,5.800280097,15.90925338,6.695492693
E05000575,Blackwall and Cubitt Town,Tower Hamlets,25.3298153,50,9.552128884,45.91,3.021432119,5.959431376,3.584502998
E05000576,Bow East,Tower Hamlets,28.23529412,55,11.49519436,52.38,2.770223554,12.75422177,3.587881458
E05000577,Bow West,Tower Hamlets,22.55192878,46.1,12.68511447,44.08,6.283399922,18.91534599,5.491650545
E05000578,Bromley-by-Bow,Tower Hamlets,26.57342657,55.8,15.2415776,48.82,-1.066959544,8.505068977,4.441581826
E05000579,East India and Lansbury,Tower Hamlets,29.85611511,59,15.41636109,53.5,0.788367792,11.41391188,3.403282592
E05000580,Limehouse,Tower Hamlets,26.51821862,52.5,13.29404392,47.1,3.433099831,9.918576836,4.561959281
E05000581,Mile End and Globe Town,Tower Hamlets,25.99531616,54.5,14.48593829,48.3,-0.990082389,9.014942553,5.616800188
E05000582,Mile End East,Tower Hamlets,24.5508982,54.8,14.67013438,47.92,2.673677154,10.64014447,5.346568567
E05000583,Millwall,Tower Hamlets,22.49240122,46,7.333632855,40.84,-4.627972804,1.64552638,3.511363221
E05000584,St Dunstan's and Stepney Green,Tower Hamlets,26.51757188,53.7,14.46907649,46.68,5.852002328,9.311020059,5.104171385
E05000585,St Katherine's and Wapping,Tower Hamlets,24.86187845,38.1,8.003487469,34.13,-2.054179494,5.282852435,3.801184862
E05000586,Shadwell,Tower Hamlets,24.43991853,56.4,13.6938051,49.09,-3.870073951,8.250370788,5.236544765
E05000587,Spitalfields and Banglatown,Tower Hamlets,23.63636364,48.9,12.40811687,43.12,-13.6818268,9.560651109,6.23644462
E05000588,Weavers,Tower Hamlets,24.31610942,52.8,14.86057017,47.3,6.426902134,19.16796587,5.283459048
E05000589,Whitechapel,Tower Hamlets,25.47945205,53.9,12.64602712,45.1,-9.233946311,7.380385178,6.339295344
E05000590,Cann Hall,Waltham Forest,22.53968254,37.5,16.59792822,35.2,0.682001315,10.7127399,2.898297417
E05000591,Cathall,Waltham Forest,21.12676056,41.4,15.68138281,39.93,4.181215046,11.94702673,4.576248305
E05000592,Chapel End,Waltham Forest,22.1686747,30.7,14.91526819,29.21,5.338051624,10.40301931,2.886106817
E05000593,Chingford Green,Waltham Forest,19.63636364,22.4,13.78720884,23.57,8.200276993,10.83986321,2.711547596
E05000594,Endlebury,Waltham Forest,18.21192053,22.1,14.32564349,21.04,3.218887976,10.28300431,2.240893149
E05000595,Forest,Waltham Forest,18.34319527,26.1,16.79994962,23.96,6.590406285,11.23989361,4.040177505
E05000596,Grove Green,Waltham Forest,15.0877193,28.7,16.53962489,27.49,-5.121114526,10.68288462,4.079296185
E05000597,Hale End and Highams Park,Waltham Forest,14.39205955,24.9,14.39999167,24.72,4.956683422,9.527749246,2.402168076
E05000598,Hatch Lane,Waltham Forest,20.33426184,30.2,16.01269189,29.89,3.301449037,8.642901729,2.384012466
E05000599,High Street,Waltham Forest,24.42996743,33.6,15.83420771,31.59,18.30853399,27.15467752,4.206318084
E05000600,Higham Hill,Waltham Forest,24.88986784,40.8,16.28689191,39.56,10.92905226,9.549824292,2.563888976
E05000601,Hoe Street,Waltham Forest,24.42528736,34.8,14.1763984,32.96,0.67873373,13.74089031,5.03431377
E05000602,Larkswood,Waltham Forest,24.9122807,27.9,13.62849973,27.39,8.537365029,12.26209239,2.733670396
E05000603,Lea Bridge,Waltham Forest,22.40963855,34.3,18.09904995,31.69,12.37452608,13.4724486,3.604537858
E05000604,Leyton,Waltham Forest,20.04889976,41.9,16.8568697,40.1,8.253308344,15.64779247,3.779158596
E05000605,Leytonstone,Waltham Forest,18.18181818,24.5,14.21609996,22.46,-2.960854334,14.02835101,4.346672771
E05000606,Markhouse,Waltham Forest,20.96385542,34.5,15.06417275,32.58,7.809717686,12.15922189,4.140086378
E05000607,Valley,Waltham Forest,20.16129032,33.2,13.56120291,31.88,-0.412058709,14.89548871,2.369793148
E05000608,William Morris,Waltham Forest,21.42857143,37,14.56026047,34.74,-0.087984227,10.71710786,3.287601041
E05000609,Wood Street,Waltham Forest,17.5,34.3,15.63617931,31.92,1.719814836,11.90425971,3.487253405
E05000610,Balham,Wandsworth,7.482993197,10.3,8.162805509,10.55,-6.922036738,13.39312386,4.605371281
E05000611,Bedford,Wandsworth,15.45454545,19.8,10.97332686,18.81,2.475004364,12.68873096,4.096428339
E05000612,Earlsfield,Wandsworth,17.78656126,27.3,9.906677157,25.59,1.266341902,9.254559837,3.618282362
E05000613,East Putney,Wandsworth,16.33986928,18.6,7.165340546,17.22,-7.137064772,8.568999697,4.270336102
E05000614,Fairfield,Wandsworth,18.53932584,20,7.739596885,19.18,-6.493332153,10.52374313,5.197473003
E05000615,Furzedown,Wandsworth,17.01323251,29.7,12.22496627,28.03,-4.774288544,9.150603297,3.028442957
E05000616,Graveney,Wandsworth,23.9010989,34.2,11.92205445,30.15,-9.413818955,14.49891065,5.225400067
E05000617,Latchmere,Wandsworth,25.89073634,45.1,13.10290579,45.4,-1.583746412,15.09234773,5.032926715
E05000618,Nightingale,Wandsworth,15,12.5,8.317434484,13.07,-7.541946034,10.66542401,5.281131451
E05000619,Northcote,Wandsworth,16.47727273,7.2,7.992385387,7.39,-0.441574482,14.93450834,4.910229451
E05000620,Queenstown,Wandsworth,28.52348993,38.6,11.96945674,38.48,2.452303626,8.222718167,4.333592911
E05000621,Roehampton,Wandsworth,22.63157895,40.4,14.58003833,39.29,10.33930065,8.920294972,2.907801517
E05000622,St Mary's Park,Wandsworth,27.88844622,28.5,10.45593881,28.57,-0.976818028,9.236525968,3.506774805
E05000623,Shaftesbury,Wandsworth,26.17449664,19.4,8.998538154,20.15,-9.665284568,13.13093267,4.923275291
E05000624,Southfields,Wandsworth,15.46052632,18.9,8.516713354,16.29,-4.332727135,8.70178141,3.717008507
E05000625,Thamesfield,Wandsworth,8.496732026,8.2,7.179648895,8.71,3.932759508,12.3995629,4.592301699
E05000626,Tooting,Wandsworth,21.85929648,38,12.56507601,34.9,-0.670822974,8.180285796,4.996948369
E05000627,Wandsworth Common,Wandsworth,13.15789474,9.9,9.893323844,10.03,3.403848915,9.099241633,2.529647696
E05000628,West Hill,Wandsworth,21.39303483,31.2,9.814074072,28.25,-1.217456259,7.077471022,2.848829709
E05000629,West Putney,Wandsworth,17.33870968,25.4,10.45116184,25.98,-4.582649754,8.387803744,2.76701726
E05000630,Abbey Road,Westminster,21.42857143,17.5,8.583811634,15.41,-1.117032685,6.55668345,5.302046386
E05000631,Bayswater,Westminster,21.42857143,24.6,11.71968375,23.5,3.354985157,13.70914724,5.954648701
E05000632,Bryanston and Dorset Square,Westminster,27.71084337,23.5,10.75762594,23.11,-7.146516218,8.822163,7.949906309
E05000633,Churchill,Westminster,25.18248175,49.1,14.45663312,47.87,4.60761474,12.44006461,4.791637845
E05000634,Church Street,Westminster,28.3446712,60.2,15.3523111,58.31,0.153797142,9.609471519,6.289814764
E05000635,Harrow Road,Westminster,24.03846154,51.6,17.34368969,48.08,-11.46468825,13.24490333,5.476656075
E05000636,Hyde Park,Westminster,20.79207921,33.5,10.63392194,32.83,0.992312228,6.741327287,7.714244392
E05000637,Knightsbridge and Belgravia,Westminster,24.91186839,3.4,12.65529622,3.52,12.60252109,7.104755344,6.671058233
E05000638,Lancaster Gate,Westminster,23.95833333,28.6,10.32138129,27.34,-2.172641647,19.31719456,7.104611798
E05000639,Little Venice,Westminster,26.92307692,33.6,10.07807475,30.35,0.326445438,11.99628936,5.590632444
E05000640,Maida Vale,Westminster,27.23004695,41.4,11.2586867,38.86,8.90736587,10.70221643,5.352625339
E05000641,Marylebone High Street,Westminster,24.91186839,20.5,9.714838966,20.39,-1.823287409,7.682016003,7.817164977
E05000642,Queen's Park,Westminster,26.89486553,52.6,20.34643157,50.55,-11.69435001,12.26163994,4.958658429
E05000643,Regent's Park,Westminster,25.1572327,32,9.613304952,31.86,16.86009982,7.441315089,5.129934285
E05000644,St James's,Westminster,23.58490566,16.1,11.83554532,16.4,8.062885475,7.784479136,7.448364422
E05000645,Tachbrook,Westminster,21.51898734,26.3,9.041032124,25.7,7.679025832,8.458925271,6.087783024
E05000646,Vincent Square,Westminster,21.19205298,34.1,12.66369631,33.21,9.540091556,4.275317448,6.679788643
E05000647,Warwick,Westminster,19.81132075,31.6,13.09435954,28.63,3.438364346,6.603386705,6.261346174
E05000648,Westbourne,Westminster,26.74418605,54.9,13.83797081,51.06,5.580319738,11.98238929,4.72327567
E05000649,West End,Westminster,22.72727273,18.5,13.61442872,18.57,-5.031663425,11.71103995,7.929132094
